{"name": "rec_0000/1682720376890_final.png", "videoName": "rec_0000", "resolution": {"width": 1920, "height": 1080}, "extrinsics": {"location": [-252.26373291015625, -46.10285949707031, 67.6973876953125], "rotation": [-0.5734108069432499, 0.011717363680563022, -1.9103360499745492]}, "attributes": {"scene": "undefined", "timeofday": "daytime", "weather": "CLEAR"}, "intrinsics": {"focal": [960.0, 960.0], "center": [960, 540], "fov": 59.0, "nearClip": 0.15, "cali": [[960.0, 0, 960, 0], [0, 960.0, 540, 0], [0, 0, 0, 1]]}, "frameIndex": 40, "timestamp": 1682720376890, "labels": [{"id": 39170, "category": "Car", "manualShape": false, "manualAttributes": false, "attributes": {"occluded": 0, "truncated": 0, "ignore": false}, "box2d": {"x1": 967, "y1": 520, "x2": 1036, "y2": 638, "confidence": 1.0}, "box3d": {"alpha": 1.47754, "orientation": 1.5193, "location": [1.33641, 2.0255, 31.9837], "dimension": [1.95105, 2.10791, 5.10333]}}, {"id": 59138, "category": "Car", "manualShape": false, "manualAttributes": false, "attributes": {"occluded": 0, "truncated": 0, "ignore": false}, "box2d": {"x1": 919, "y1": 7, "x2": 934, "y2": 25, "confidence": 1.0}, "box3d": {"alpha": 1.56785, "orientation": 1.53322, "location": [-4.55322, -71.0465, 131.412], "dimension": [1.87449, 2.08947, 4.82045]}}, {"id": 71938, "category": "Car", "manualShape": false, "manualAttributes": false, "attributes": {"occluded": 0, "truncated": 0, "ignore": false}, "box2d": {"x1": 795, "y1": 577, "x2": 867, "y2": 694, "confidence": 1.0}, "box3d": {"alpha": 1.68563, "orientation": 1.55431, "location": [-3.97544, 3.36471, 30.1001], "dimension": [1.49636, 2.00041, 4.91436]}}]}