{"name": "rec_0000/1682720377361_final.png", "videoName": "rec_0000", "resolution": {"width": 1920, "height": 1080}, "extrinsics": {"location": [-251.50448608398438, -46.21176528930664, 67.85853576660156], "rotation": [-0.5755786866496017, 0.01936385260834455, -1.912416777734228]}, "attributes": {"scene": "undefined", "timeofday": "daytime", "weather": "CLEAR"}, "intrinsics": {"focal": [960.0, 960.0], "center": [960, 540], "fov": 59.0, "nearClip": 0.15, "cali": [[960.0, 0, 960, 0], [0, 960.0, 540, 0], [0, 0, 0, 1]]}, "frameIndex": 42, "timestamp": 1682720377361, "labels": [{"id": 39170, "category": "Car", "manualShape": false, "manualAttributes": false, "attributes": {"occluded": 0, "truncated": 0, "ignore": false}, "box2d": {"x1": 974, "y1": 533, "x2": 1045, "y2": 655, "confidence": 1.0}, "box3d": {"alpha": 1.46606, "orientation": 1.51637, "location": [1.58311, 2.48941, 31.44], "dimension": [1.95105, 2.10791, 5.10333]}}, {"id": 59138, "category": "Car", "manualShape": false, "manualAttributes": false, "attributes": {"occluded": 0, "truncated": 0, "ignore": false}, "box2d": {"x1": 918, "y1": 8, "x2": 933, "y2": 26, "confidence": 1.0}, "box3d": {"alpha": 1.56538, "orientation": 1.5301, "location": [-4.57281, -69.8941, 129.555], "dimension": [1.87449, 2.08947, 4.82045]}}, {"id": 71938, "category": "Car", "manualShape": false, "manualAttributes": false, "attributes": {"occluded": 0, "truncated": 0, "ignore": false}, "box2d": {"x1": 801, "y1": 594, "x2": 873, "y2": 715, "confidence": 1.0}, "box3d": {"alpha": 1.67675, "orientation": 1.55151, "location": [-3.72299, 3.87262, 29.572], "dimension": [1.49636, 2.00041, 4.91436]}}]}