{"name": "rec_0000/1682720377059_final.png", "videoName": "rec_0000", "resolution": {"width": 1920, "height": 1080}, "extrinsics": {"location": [-251.9559326171875, -46.109031677246094, 67.77581787109375], "rotation": [-0.5770836389816055, 0.016526854718407688, -1.9113894633437298]}, "attributes": {"scene": "undefined", "timeofday": "daytime", "weather": "CLEAR"}, "intrinsics": {"focal": [960.0, 960.0], "center": [960, 540], "fov": 59.0, "nearClip": 0.15, "cali": [[960.0, 0, 960, 0], [0, 960.0, 540, 0], [0, 0, 0, 1]]}, "frameIndex": 41, "timestamp": 1682720377059, "labels": [{"id": 39170, "category": "Car", "manualShape": false, "manualAttributes": false, "attributes": {"occluded": 0, "truncated": 0, "ignore": false}, "box2d": {"x1": 971, "y1": 522, "x2": 1041, "y2": 642, "confidence": 1.0}, "box3d": {"alpha": 1.47055, "orientation": 1.51768, "location": [1.49909, 2.12633, 31.7856], "dimension": [1.95105, 2.10791, 5.10333]}}, {"id": 59138, "category": "Car", "manualShape": false, "manualAttributes": false, "attributes": {"occluded": 0, "truncated": 0, "ignore": false}, "box2d": {"x1": 919, "y1": 5, "x2": 934, "y2": 22, "confidence": 1.0}, "box3d": {"alpha": 1.56648, "orientation": 1.53172, "location": [-4.53479, -70.8826, 130.411], "dimension": [1.87449, 2.08947, 4.82045]}}, {"id": 71938, "category": "Car", "manualShape": false, "manualAttributes": false, "attributes": {"occluded": 0, "truncated": 0, "ignore": false}, "box2d": {"x1": 800, "y1": 582, "x2": 871, "y2": 700, "confidence": 1.0}, "box3d": {"alpha": 1.6795, "orientation": 1.55283, "location": [-3.80977, 3.49684, 29.916], "dimension": [1.49636, 2.00041, 4.91436]}}]}